"Conversion","Age_mean","Age_median","Age_sd","Income_mean","Income_median","Income_sd","AdSpend_mean","AdSpend_median","AdSpend_sd","ClickThroughRate_mean","ClickThroughRate_median","ClickThroughRate_sd","ConversionRate_mean","ConversionRate_median","ConversionRate_sd","WebsiteVisits_mean","WebsiteVisits_median","WebsiteVisits_sd","PagesPerVisit_mean","PagesPerVisit_median","PagesPerVisit_sd","TimeOnSite_mean","TimeOnSite_median","TimeOnSite_sd","SocialShares_mean","SocialShares_median","SocialShares_sd","EmailOpens_mean","EmailOpens_median","EmailOpens_sd","EmailClicks_mean","EmailClicks_median","EmailClicks_sd","PreviousPurchases_mean","PreviousPurchases_median","PreviousPurchases_sd","LoyaltyPoints_mean","LoyaltyPoints_median","LoyaltyPoints_sd"
"No",43.5617408906883,44,15.1581074238981,83101.0673076923,83962,37321.7465446913,4058.39846591332,3554.55497877167,2684.2836774516,0.127971644928578,0.10335722743209,0.0849037674043814,0.0907661041973811,0.0815127952045271,0.0583734466510375,21.7267206477733,20,15.3713972253492,4.83500156790895,4.37186459078749,2.78416829666425,6.26787127118562,4.96675997491794,4.22850577336123,50.6811740890688,49,29.1300853792551,7.57692307692308,6,5.77974258621188,3.48178137651822,3,2.85670473979941,3.62550607287449,3,3.09679005738806,2128.48380566802,1968.5,1483.90124417801
"Yes",43.6318116975749,43,14.8666527585986,84929.1482524964,85218.5,37146.5725072043,5133.41652501111,5247.0938209019,2834.45997009089,0.158607800667084,0.159201886342668,0.0831987406739095,0.10631781595149,0.106523089163971,0.0540979243653525,25.179029957204,25,14.1068033247554,5.64987736331222,5.67132937387932,2.56610724820333,7.93341413304337,7.92167107980669,4.18831187045671,49.6737517831669,50,28.8668994558779,9.74407988587732,10,5.65032923605824,4.60570613409415,5,2.82949055493922,4.60641940085592,5,2.83716824150636,2541.68373751783,2553.5,1414.35004706076
